payment_id,order_id,payment_method,amount,payment_date,status,transaction_id
1,1,paypal,651.37,2025-07-17T03:41:27,pending,86a576bb-feca-4897-8df0-28983c0ce51c
2,2,credit_card,360.87,2025-05-05T05:42:06,pending,3ba4e03b-017c-4aa6-8513-6ec1fa5e3efb
3,3,cryptocurrency,829.22,2025-03-09T19:17:38,pending,91a0d6ea-fa01-4629-aea2-8028b3c36e91
4,4,cryptocurrency,200.57,2025-02-16T04:15:30,refunded,d35f6a84-a156-4560-bb23-a9bda34abe37
5,5,credit_card,151.02,2025-08-28T13:44:54,completed,53a1c09f-59b0-46b5-a15b-6cc7c9491232
6,6,paypal,300.33,2025-09-08T06:38:11,completed,ce516541-7a12-4642-8638-b6c8dfa0777e
7,7,credit_card,942.69,2025-09-03T16:18:13,failed,2a9fa835-3b96-49e5-8660-2978183c52dd
8,8,cryptocurrency,910.66,2025-03-29T23:37:03,pending,0a2e6a72-ad63-498d-af0e-91ed7b833f43
9,9,debit_card,766.59,2025-05-23T08:40:13,pending,c9c6c1cf-a477-445a-a95d-5dd12eb30a04
10,10,credit_card,486.91,2025-03-18T11:29:45,refunded,114d7d0b-959b-43fd-9d56-13c946c1a4c0
11,11,debit_card,909.78,2024-12-31T18:18:19,completed,46c8b5ba-51c8-4d7a-b926-6ec296032e47
12,12,credit_card,796.58,2025-01-25T18:31:48,completed,bb508b41-104a-439b-be0c-f8db9225ef42
13,13,credit_card,72.74,2025-05-24T10:07:49,pending,3d7ed75b-44e0-4713-b624-98e5ade08580
14,14,debit_card,523.34,2025-01-25T08:37:34,refunded,61ebebd3-cb92-4112-b894-4f7e2b4c7074
15,15,debit_card,704.39,2025-08-24T13:14:28,completed,ed62e224-5d08-47bd-9524-32824627e47b
16,16,paypal,597.25,2025-02-26T01:48:05,completed,1437e376-b749-4221-9305-5f6a6e4cac10
17,17,paypal,916.2,2025-06-03T06:46:52,failed,a25884c1-511e-4439-9a63-edae798d69fb
18,18,bank_transfer,904.02,2025-02-01T11:44:56,pending,6619824d-4f14-4fee-9139-f733dc9acd1d
19,19,debit_card,387.46,2025-03-25T22:55:47,completed,6be7a899-b827-487b-982f-19bf82b50b3c
20,20,credit_card,891.12,2025-03-08T05:39:58,pending,fc1c684d-48c9-4488-94e6-bf9bf7c6d819
21,21,bank_transfer,57.81,2025-01-04T10:57:54,refunded,728db450-d17d-4932-b931-d3966535b87d
22,22,bank_transfer,536.21,2025-09-17T19:52:15,refunded,cf4f2d74-f705-409e-8915-8dcab3b56a06
23,23,debit_card,469.53,2025-10-20T17:30:16,completed,7581b6c2-be47-4619-9478-5ff599c39cf2
24,24,debit_card,618.69,2025-04-29T02:27:23,failed,bcb37f2e-838e-48df-98bb-a21d63fe5b63
25,25,debit_card,793.94,2025-06-28T00:00:43,pending,c84e2db0-24a8-4f90-a4d5-3a5dd52adf49
26,26,bank_transfer,175.9,2025-06-08T20:53:05,completed,b17b38be-b376-4b02-8df9-c7b75b438681
27,27,debit_card,730.79,2025-08-04T13:38:56,completed,d51cf772-05cb-4d90-a459-cadb1fbb638f
28,28,cryptocurrency,301.36,2025-05-05T22:05:30,failed,4501061d-1ce1-4218-abeb-4db60d7d79d5
29,29,cryptocurrency,344.88,2025-07-18T04:05:31,pending,e65e3d75-13c4-41e9-be15-e1374e76284c
30,30,bank_transfer,234.19,2025-03-10T09:58:18,refunded,5d184f22-8719-4f33-ab76-9bf70a9ae0e5
31,31,cryptocurrency,60.55,2025-04-24T15:57:06,failed,4f8ff639-6c32-4851-9cd2-69e0b666b5be
32,32,bank_transfer,435.91,2025-08-15T05:54:27,pending,eac0cc49-6adc-472f-b86d-fd270983b2ce
33,33,cryptocurrency,196.64,2025-05-08T12:40:42,refunded,2d6fa986-d5ff-4fbc-8662-10c0359eee84
34,34,cryptocurrency,448.05,2025-08-25T08:38:08,failed,36590772-00a6-4562-9bde-74fa281e6c82
35,35,credit_card,600.2,2025-03-09T20:52:00,refunded,0ef6b289-f3c8-461b-8422-61ad10255b92
36,36,credit_card,951.99,2025-08-28T03:35:10,completed,57a2804d-7757-4eb9-817f-14d14580bf1f
37,37,credit_card,907.09,2025-01-21T09:31:38,pending,b09aec38-6892-45d8-838d-3b2115e2b43e
38,38,credit_card,311.37,2025-06-19T17:22:42,completed,d8e16956-336f-48ed-8b0b-19e7209627a7
39,39,bank_transfer,825.3,2025-03-07T21:21:32,completed,ff807976-4a51-4628-b9c8-480fd8dc4f82
40,40,debit_card,682.17,2025-08-11T11:35:20,completed,91f40003-526b-4cbc-b56d-45158bd63bf9
41,41,paypal,123.07,2025-09-10T09:39:39,failed,91be65f6-f39f-4df0-a1d8-75943b8815dd
42,42,paypal,828.11,2025-04-25T13:26:58,completed,aec334f3-c9ef-41c8-91b6-13d2ef4d8b4d
43,43,bank_transfer,282.47,2025-05-02T06:46:20,failed,c01cac80-0638-4914-b82a-d9d7399fed51
44,44,cryptocurrency,228.9,2025-06-08T22:41:33,pending,d57b21c5-1a6e-44c3-a8af-5a48c98bbf30
45,45,cryptocurrency,83.23,2025-07-31T06:26:47,completed,8097b4e8-b174-487c-b9db-390685cc60ed
46,46,cryptocurrency,955.21,2025-01-14T02:12:28,completed,71de12ff-329e-4b3b-8783-3c197a1b1977
47,47,paypal,398.53,2024-12-29T20:34:20,pending,817e00ed-9874-49af-a33e-5a43ac6db201
48,48,cryptocurrency,415.61,2025-08-24T18:59:17,pending,4d787c65-74cb-4093-8817-005a7c535b0c
49,49,credit_card,841.88,2025-01-25T08:09:50,refunded,e78bfac7-b30d-45f3-96a0-a6db4765d58d
50,50,debit_card,664.25,2024-11-20T04:56:08,pending,5d7d2131-93b4-495a-9fc8-6202fde5c94e
51,51,credit_card,587.66,2025-01-20T06:39:47,failed,8afb3773-605a-47af-8d2c-a1645969c87d
52,52,debit_card,619.96,2024-12-07T01:01:49,pending,7fb8fb78-6aa7-4e5e-8c7d-e713b83bc84a
53,53,debit_card,332.89,2024-12-25T04:54:21,failed,8e50a1d7-dd21-43f2-a4a2-7873dd7ae3b6
54,54,bank_transfer,549.13,2025-07-01T15:46:18,completed,0c96ec99-b811-4b32-89f1-e2c3fc3286bc
55,55,cryptocurrency,947.96,2025-06-27T15:35:02,completed,cc02c0d7-fe2c-4d3d-8030-057242b76565
56,56,paypal,350.58,2025-07-05T03:00:30,completed,6e7ba74b-6bb4-4234-a6a1-ffb72c4c9801
57,57,bank_transfer,561.01,2025-06-06T10:08:18,pending,76624e0e-7970-4e70-a5c2-dcab2665df26
58,58,debit_card,566.91,2025-09-13T19:57:24,refunded,1087f251-5937-455b-935c-4c48416d5e7c
59,59,debit_card,687.73,2024-11-28T17:14:16,pending,363ed2dc-99f3-4013-a6ea-c4c775b6c6e0
60,60,credit_card,268.41,2025-07-10T20:25:42,completed,83b87015-b2e2-4223-b43b-9b3bf84ae2b6
61,61,paypal,269.83,2024-12-21T01:37:22,refunded,74009216-69f7-46ed-9d3d-8195c33cf04a
62,62,bank_transfer,482.22,2025-05-11T14:02:26,refunded,159dd7e1-61a0-4fa4-adb4-c3a82141a450
63,63,debit_card,617.87,2025-01-04T05:02:12,refunded,811b9aa9-52f1-4ea5-bed4-c88c091fc773
64,64,debit_card,254.03,2024-12-06T11:01:09,refunded,9067c72e-f4b7-4223-927c-ec073a361ce3
65,65,paypal,371.96,2025-11-03T02:44:53,completed,fd348917-3402-457e-8f67-3dc630e3cd5e
66,66,debit_card,877.11,2025-11-07T11:01:30,completed,cd1e972e-66d9-491d-bc48-2d8e271c8b9d
67,67,bank_transfer,894.07,2025-02-12T23:04:43,completed,7a1fb67e-4559-4aa7-ae94-36f48c35b267
68,68,paypal,393.16,2025-07-28T10:26:18,completed,c31b3b0b-4cd2-462a-b68b-c15ce5e5e147
69,69,credit_card,185.51,2024-12-21T10:55:06,failed,12c99a6a-1935-428d-ade3-08ec9555028d
70,70,paypal,248.81,2025-09-02T10:46:02,refunded,5c6af56a-f8bf-484a-825d-98cc5d4c24ee
71,71,debit_card,313.85,2025-02-13T14:15:06,pending,932aa5d8-2a7b-459b-a062-2798fc9f9921
72,72,cryptocurrency,504.35,2025-07-22T01:14:21,failed,de51b95e-03ea-4081-97c1-256c3a5b6a16
73,73,credit_card,688.53,2025-01-17T00:01:05,refunded,45b08845-6a35-4f97-b1ba-f0d713b20b0a
74,74,paypal,332.78,2025-03-23T12:44:30,refunded,9ea56223-b2fa-4228-9358-b6a1753cbcd1
75,75,paypal,938.59,2025-03-16T21:12:47,failed,73434de9-d6d7-4680-8f05-640872c15a13
76,76,cryptocurrency,71.9,2025-02-24T03:18:48,pending,0b0acb37-fed1-4fb4-837c-6391945cd0c5
77,77,credit_card,682.55,2025-10-30T17:40:14,failed,d74ff382-83d7-43dc-bbc7-57284c8d82bc
78,78,credit_card,543.14,2025-03-18T01:18:39,completed,960c7f5c-4235-42b3-8f57-904a3b2b3a13
79,79,debit_card,300.39,2025-01-30T15:33:24,failed,65a97c42-4f80-459d-b4df-de7518b09c02
80,80,debit_card,67.32,2024-11-28T21:55:54,pending,f9845280-9379-4cad-accc-b4309c00c281
81,81,credit_card,901.87,2025-02-11T05:35:16,refunded,54d1db18-0ad7-4cf0-82e3-add0ca4605df
82,82,bank_transfer,463.75,2025-02-22T10:15:30,failed,1a6f25d1-4ce3-41e4-a3f8-cc971815cd4a
83,83,cryptocurrency,758.87,2025-05-13T07:16:47,refunded,651d80cb-0262-4282-9b4c-fcd9158f00af
84,84,credit_card,917.44,2025-10-20T21:51:00,failed,2755eb98-7fd0-4f51-a23e-11d56c6596a9
85,85,bank_transfer,864.25,2025-04-07T09:42:07,refunded,7d0abbec-3714-47db-bd9f-fef7c52f89b7
86,86,bank_transfer,190.25,2025-06-03T04:43:34,failed,767a18b0-2b51-4459-a639-d69f94e46dd0
87,87,bank_transfer,97.68,2025-06-16T13:24:39,pending,4b92b0d8-b362-46d6-9600-55db5e73c0a2
88,88,debit_card,733.63,2025-10-13T17:19:00,refunded,dda36887-8fa3-4531-9480-cc2dd0ba7f75
89,89,bank_transfer,641.53,2025-10-18T16:52:21,failed,f10e305e-3dc8-448e-b0f4-500eb51fbcae
90,90,paypal,190.87,2025-04-30T19:33:26,completed,9c46465e-4b18-4d2b-afe5-d05c31f59576
91,91,bank_transfer,89.63,2024-12-31T00:47:18,failed,c7716559-000b-4fa1-8dbb-d338b6ebe783
92,92,paypal,853.94,2025-08-13T07:49:29,pending,6b5f9f40-4b2d-46c9-90f6-187eaa7d4ff6
93,93,paypal,188.34,2025-01-24T10:35:28,pending,3442351f-5bf2-47dc-8f91-fdf50b8aeea4
94,94,paypal,288.16,2025-10-17T18:30:34,pending,b7989659-4966-45b0-8dae-907616aba4ed
95,95,debit_card,377.26,2025-07-11T06:37:30,refunded,2d2d8207-405d-4eb2-b460-8eb3963cabe8
96,96,credit_card,736.21,2024-12-19T15:00:00,pending,83dad6ec-64e9-4908-9009-fe81cde24a56
97,97,debit_card,212.87,2025-09-19T09:58:08,refunded,071245f4-30d2-4ae9-a71d-c977feff904f
98,98,credit_card,753.13,2025-04-29T02:55:39,refunded,3ed078cd-21c3-4335-a7f4-c6689355d431
99,99,cryptocurrency,598.38,2025-02-06T18:24:32,completed,6c2b2a30-acf9-49c5-afe9-9a3e8f066f17
100,100,debit_card,360.7,2025-01-25T18:09:01,pending,633bb38f-25bc-47e1-b4e9-5379c27db67c
101,101,paypal,971.09,2025-02-21T17:05:07,refunded,2ca1e1ef-8027-43ca-ae9c-250312f6dc98
102,102,debit_card,688.66,2025-02-21T15:29:33,pending,e5ec7f6d-4f8a-44e3-a374-cc103c7d9e11
103,103,bank_transfer,677.16,2025-02-14T03:12:11,pending,ac545ca2-e376-46b2-9ea4-654deedd89b5
104,104,paypal,540.91,2025-10-05T03:41:34,completed,6dc2ba72-d9e6-4d22-8dbb-05857bbc037d
105,105,cryptocurrency,94.7,2025-04-14T07:44:11,refunded,5ada05c0-c85f-4f23-9273-f6f13802594d
106,106,paypal,746.5,2025-09-21T09:11:49,failed,0fd0733d-0a07-4d67-92c8-083029ccc82b
107,107,cryptocurrency,100.76,2025-01-03T05:30:26,completed,38fe7acf-0bca-4d6c-ab25-dc4b49d93a84
108,108,bank_transfer,544.25,2025-05-07T15:03:01,refunded,243e4375-ba0a-4fd7-a181-8466ed99d400
109,109,debit_card,233.65,2025-08-10T23:05:26,failed,971feece-67da-4584-9177-af60b3d5dde0
110,110,cryptocurrency,791.21,2025-10-16T15:55:30,completed,b8d67aee-3506-4c40-a1f8-3c8d8e780936
111,111,cryptocurrency,855.05,2025-03-18T08:37:46,failed,9d872eda-ffaa-452e-8069-82edf902a235
112,112,credit_card,736.39,2024-11-30T18:23:09,refunded,8a018610-b528-49f5-b8d6-8e9dd4063236
113,113,bank_transfer,957.5,2025-09-05T16:13:50,failed,47eebf50-24b8-4dfc-9d25-eb38c37373ec
114,114,debit_card,479.88,2025-11-08T10:39:36,refunded,558179b1-5dba-456c-bbe4-97f374f2ae67
115,115,paypal,294.53,2025-02-17T22:49:45,failed,83f3c7f4-cc95-4993-846e-346a541c4f9b
116,116,bank_transfer,797.91,2025-10-10T18:11:20,refunded,c544d3c5-3fb7-40d3-9319-ebb8f7131779
117,117,credit_card,274.55,2025-03-17T12:27:14,failed,347ee2a1-c064-4aa2-9876-008796aebb8c
118,118,cryptocurrency,916.34,2024-11-28T14:32:18,failed,47030456-2caa-4f27-b574-8e11783755fb
119,119,cryptocurrency,292.26,2025-10-05T14:15:18,failed,39837dc1-cbab-4fd5-8e49-1b3baeaea0e5
120,120,cryptocurrency,60.53,2025-05-19T17:24:16,completed,c0b66df9-ab2f-471a-b5f7-9bd7d12473cc
121,121,bank_transfer,229.49,2025-06-14T15:01:29,failed,5d58c009-f116-44ce-aff5-df987c434a20
122,122,paypal,480.98,2025-03-06T21:32:38,refunded,f847a943-e180-4b13-877c-9ec94b7df7b2
123,123,bank_transfer,431.47,2025-09-16T03:12:48,refunded,43aa28b7-9e62-43a6-bdac-d692582cbe2c
124,124,paypal,791.49,2024-11-24T09:52:05,failed,cb5c7eed-caff-4e6f-ac3e-00c8f95fa002
125,125,debit_card,264.72,2025-02-05T23:58:22,completed,b1e320fd-61ad-49bb-9f96-c422e577be27
126,126,credit_card,403.76,2025-04-05T00:59:00,failed,76dee338-569c-46d0-b56b-6bc1154b58fe
127,127,cryptocurrency,57.07,2025-07-30T18:29:49,refunded,d2344af2-d717-47a8-92d6-e991b4e4436d
128,128,cryptocurrency,402.42,2025-03-03T10:43:20,refunded,9ae3c849-6ab1-44ed-ae95-22b01b94ca5f
129,129,bank_transfer,390.26,2025-10-04T14:21:18,pending,0c52a9cb-cdd8-448e-8068-da2136f20fab
130,130,debit_card,352.65,2024-12-07T15:06:21,failed,cc798ace-fd87-41f2-8cd4-dd32369eccda
131,131,paypal,161.53,2025-03-10T05:53:33,pending,788848c2-ca19-4d68-815c-32ded9551858
132,132,cryptocurrency,703.55,2025-05-16T07:58:36,completed,9775acc5-45bb-415f-b690-e01f4b5475ae
133,133,debit_card,915.09,2025-03-16T21:53:16,completed,7b01a067-70dd-4382-8b79-6100918586e7
134,134,bank_transfer,934.24,2025-04-27T03:28:16,completed,7d808701-5eeb-4c5b-b243-40371278e7ce
135,135,bank_transfer,810.68,2025-09-28T04:17:00,pending,ac348158-0ab1-4d29-9e95-e1a719d66d1c
136,136,debit_card,844.05,2025-01-20T20:07:51,failed,8604fadd-8e59-47a4-8a4b-b4d4cd21ca26
137,137,cryptocurrency,501.48,2025-01-19T17:16:40,pending,045fd9c2-d921-4df4-b553-e5c1f22d135c
138,138,paypal,316.41,2025-02-14T20:38:22,refunded,e43953fd-8db2-4a9d-81b0-4cbe64415102
139,139,paypal,249.34,2025-06-15T04:31:44,failed,79720964-378e-4090-9160-c20fee7fcd3d
140,140,debit_card,861.96,2025-09-08T04:49:16,failed,3b30e08c-ef45-4564-a435-dd1c848a19b0
141,141,bank_transfer,267.97,2025-03-08T07:33:57,completed,39636c55-0cb9-40f7-9e25-7119fa43f9ac
142,142,bank_transfer,851.93,2025-08-17T03:29:56,failed,28a82b28-1da6-4c93-8103-1ef14deda51e
143,143,debit_card,129.86,2024-12-05T12:58:08,pending,bec9b1f3-52ff-4eee-bf0f-d0fffe0b1fae
144,144,credit_card,517.8,2025-08-31T08:41:57,refunded,34015d93-d92c-4f8d-aaa7-a37708d15c2d
145,145,bank_transfer,705.28,2025-02-11T06:33:22,failed,162e24be-b049-4ed7-b02b-8f74c3c3740c
146,146,bank_transfer,363.24,2025-08-26T00:06:33,pending,38d56171-4428-4808-a163-3d086651d45f
147,147,cryptocurrency,735.55,2025-04-15T07:53:45,pending,f9d7db4e-d4a3-45c7-8a10-d8d4ff42aa90
148,148,credit_card,198.61,2025-03-20T02:41:12,completed,676099ac-c55c-4a40-abf7-8c13f4638bab
149,149,bank_transfer,391.39,2025-11-12T07:46:59,pending,569c3fd6-e27d-4d95-9b23-da82b42cb974
150,150,paypal,460.09,2025-05-05T09:59:50,refunded,ecc64480-0ffe-4046-9a5a-f9d2c582286b
151,151,credit_card,220.61,2025-05-25T01:47:10,refunded,c1a512a2-5254-4884-8d33-a5b92b600de2
152,152,bank_transfer,951.2,2025-07-25T21:56:59,failed,317b22d9-4e00-4573-bac0-ca8921c2d12b
153,153,paypal,472.48,2025-08-30T20:47:32,completed,1c84fb86-ec84-4a7c-80dd-4b93f2e80b79
154,154,paypal,469.47,2025-04-09T02:29:26,pending,a8e98f98-f1b0-4365-acda-073fb34bf89c
155,155,cryptocurrency,580.82,2025-08-04T00:20:43,pending,b244ca5a-d90b-40c0-8c9a-410352d3d1e0
156,156,bank_transfer,236.88,2025-09-28T06:33:21,refunded,02517d42-4947-4f32-a341-c061b69668d7
157,157,debit_card,920.85,2025-06-19T04:40:28,failed,55b783ff-1613-4ac7-907b-a5d1761b8710
158,158,paypal,634.55,2025-01-22T21:52:21,refunded,501d84e8-190c-4287-b5ad-b8214f5f8fcb
159,159,debit_card,172.06,2025-10-20T05:51:56,refunded,333e0ae1-f0e8-406b-b9ad-57b2cd348d22
160,160,paypal,823.09,2025-07-04T21:30:37,completed,057c3a3d-464d-4d82-9b3e-202c61811703
161,161,bank_transfer,754.2,2025-03-02T10:12:29,refunded,3ba896d5-31b5-4b55-9069-fa8c34a2ddd8
162,162,paypal,784.15,2025-10-04T10:49:47,failed,c8275509-b252-4840-9116-1c5375a1a52e
163,163,cryptocurrency,944.68,2025-10-13T09:17:06,pending,8714ff0f-c2a7-4689-8a58-2122c6531974
164,164,paypal,233.4,2025-10-06T21:41:26,refunded,33d27402-e45f-4536-b44a-d604afed93fe
165,165,bank_transfer,919.83,2024-11-19T01:12:52,failed,3711ce0a-880c-4966-b488-675c928b5793
166,166,paypal,230.6,2025-10-24T21:20:56,refunded,06960780-48cf-4a4d-9890-2c97dddef24a
167,167,cryptocurrency,707.33,2025-05-30T20:02:04,pending,d88040eb-f4c8-4544-8071-c40d84ef0d31
168,168,bank_transfer,735.27,2025-03-14T20:22:47,refunded,4c9c05e8-8f2f-4f7d-86ff-e31d5e583f1e
169,169,paypal,51.63,2025-10-05T02:35:25,refunded,8107bb64-ab9f-4e98-85a4-4931dc6de672
170,170,bank_transfer,552.86,2025-04-03T04:22:23,pending,04fd78e2-dfe6-48cb-8fa5-a03ab2e22b64
171,171,credit_card,809.32,2025-11-13T20:27:05,pending,91be945d-4b40-49b5-9e00-46f55d884526
172,172,credit_card,928.02,2025-10-27T02:27:22,failed,8107c04f-0787-44e9-8281-d0e0ef825044
173,173,cryptocurrency,177.53,2025-09-06T23:49:47,failed,1f267f53-0933-4944-a66f-88ba06d800fe
174,174,credit_card,417.09,2025-11-12T03:34:29,pending,5898a244-04ff-4b48-b49a-68cf80f0bb18
175,175,paypal,731.37,2025-05-21T15:12:30,failed,372b217b-ee23-483f-a4d5-e6a747c6fe1e
176,176,bank_transfer,966.85,2024-12-15T23:54:27,completed,ff2c6251-281d-4f89-945b-99997cc4341b
177,177,debit_card,608.84,2025-04-23T09:11:21,completed,8034b0e4-f6a7-44f7-9004-329b71f056d0
178,178,credit_card,749.98,2025-07-06T09:57:00,failed,4db92376-9fd5-407d-ba41-a6c824a20d14
179,179,paypal,240.26,2025-04-06T10:10:02,refunded,c53ee2ee-82ca-4f62-90ac-db50ab1170e8
180,180,credit_card,618.67,2025-01-18T19:17:36,pending,7141f003-6b40-4d42-ad64-ab1ac3cd4eb6
181,181,debit_card,617.72,2024-12-14T01:56:57,pending,5033aba4-e293-4aa4-82fd-a59a358f7ec6
182,182,bank_transfer,459.81,2025-08-09T15:10:03,pending,7af62cce-8afb-4187-add2-f39b348bc6dc
183,183,paypal,576.83,2025-09-18T10:23:19,completed,dc8b0cc8-eb45-4a70-85b8-6215b018a9c4
184,184,cryptocurrency,240.35,2025-08-05T08:51:14,failed,5501c931-9044-4862-a6df-cba855c6fc9e
185,185,debit_card,351.43,2024-12-28T14:13:07,pending,26cf3106-7b1f-4ca5-a772-e60c4a89d398
186,186,credit_card,503.02,2025-05-17T12:49:34,refunded,ff8343a3-ae22-405d-8b53-f862a2623e02
187,187,bank_transfer,900.18,2024-11-23T15:25:58,completed,cc7c6852-7f6f-4afe-a53c-9ed4fc28b548
188,188,debit_card,431.17,2024-11-17T09:33:43,completed,dee0f193-20eb-418e-9bd5-8a8234e23448
189,189,cryptocurrency,105.06,2025-03-19T00:26:00,failed,42c67cda-6b84-48bd-b22f-3d3f5d693fe2
190,190,cryptocurrency,184.6,2025-08-06T22:40:44,refunded,9e3b557e-0f6c-4001-9f63-ec1970180554
191,191,credit_card,663.07,2024-11-19T14:16:20,completed,b1adb4f6-c710-4ec7-b64f-fd2de03a4add
192,192,bank_transfer,392.69,2025-03-02T14:18:16,pending,783d790c-dd8b-452a-9afb-a21105003fbd
193,193,cryptocurrency,668.87,2025-08-01T15:38:28,refunded,f940e490-e55f-404f-8986-8af727c6cf4a
194,194,bank_transfer,604.18,2024-11-19T21:52:08,failed,13d3a37d-a093-41f0-a63a-0580b0007a54
195,195,bank_transfer,283.72,2025-10-10T07:49:31,failed,c87b33e7-07e0-4037-a8fb-273cad4070fb
196,196,credit_card,58.49,2025-07-21T05:33:09,failed,647efb7d-6e67-4daa-b685-08376a6fd9d1
197,197,debit_card,912.38,2025-01-13T03:45:42,refunded,32547a60-b07b-4fb9-a728-e445aa6cc38b
198,198,debit_card,98.38,2025-01-08T21:27:48,completed,390bc1c7-8df3-432c-a34d-381c40d8e30b
199,199,credit_card,807.55,2025-05-08T02:22:13,pending,08d24354-e84d-4da8-ad6e-3bc9a2f7c02e
200,200,paypal,335.31,2025-02-03T15:06:17,refunded,490099cd-84a0-4f64-825e-2930e8eef2f9
